,index,Date,Map,Category,Outcome,Accuracy,DamageDone,DamageTaken,ShotsFired,ShotsLanded,ShotsMissed,KD,KDA,Kills,Deaths,Assists,Betrayals,Suicides,ExpectedKills,ExpectedDeaths,Score,Perfects,Medals,LengthSeconds,LengthMinutes,DamageRatio,Kills/10Min,Deaths/10Min,Assists/10Min,Dmg/10Min,DmgT/10Min,ExcessKills,ExcessDeaths,LifetimeKD,LifetimeDmgRatio,LifetimeWinRate
0,140,2023-10-19 19:49:41,Solitude,King of the Hill,0,52.31,7146,4957,325,170,155,1.54,9.66,20,13,8,0,0,18.0,20.0,2575,0,5,743,12.383333333333333,1.4415977405688924,16.150740242261104,10.497981157469718,6.460296096904442,5770.659488559893,4002.960969044415,2.0,7.0,1.1153605015673982,1.1301357788676998,0.0
1,141,2023-10-19 20:06:10,Solitude,Strongholds,1,50.49,7974,5281,309,156,153,1.21,6.0,17,14,9,0,0,20.0,22.0,2450,0,8,937,15.616666666666667,1.5099412989964023,10.88580576307364,8.964781216648879,5.76307363927428,5106.083244397012,3381.643543223052,-3.0,8.0,1.1162212554381603,1.1340242760513903,0.5
2,142,2023-10-19 20:25:03,Recharge,King of the Hill,0,46.36,6889,5906,343,159,184,1.6,12.33,24,15,10,0,0,19.0,22.0,3400,0,10,815,13.583333333333334,1.1664409075516424,17.66871165644172,11.042944785276072,7.361963190184049,5071.656441717791,4347.9754601227,5.0,7.0,1.1206896551724137,1.1343912382624497,0.3333333333333333
3,143,2023-10-19 20:42:40,Streets,Extraction,0,53.61,3854,4960,194,104,90,0.44,-7.0,8,18,9,0,0,14.0,15.0,1750,0,6,625,10.416666666666666,0.777016129032258,7.68,17.28,8.64,3699.84,4761.6,-6.0,-3.0,1.1132764920828258,1.1310256833807053,0.25
4,144,2023-10-19 20:55:21,Argyle,CTF 3 Captures,1,41.56,2769,3501,231,96,135,0.58,-3.33,7,12,5,0,0,12.0,12.0,1210,0,3,642,10.7,0.790916880891174,6.542056074766355,11.214953271028039,4.672897196261683,2587.8504672897197,3271.96261682243,-5.0,0.0,1.1094316807738815,1.1287798198361323,0.4
5,145,2023-10-20 00:28:05,Solitude,Strongholds,0,48.41,7308,6118,345,167,178,1.11,5.0,20,18,9,0,0,21.0,20.0,2950,0,5,895,14.916666666666666,1.194508009153318,13.407821229050281,12.067039106145252,6.033519553072626,4899.217877094972,4101.45251396648,-1.0,2.0,1.1094497607655502,1.1295296306931542,0.3333333333333333
6,146,2023-10-20 00:46:09,Argyle,CTF 3 Captures,0,42.86,3665,3489,154,66,88,1.09,3.0,12,11,6,0,0,11.0,11.0,1510,0,7,548,9.133333333333333,1.0504442533677272,13.138686131386862,12.043795620437956,6.569343065693431,4012.7737226277372,3820.07299270073,1.0,0.0,1.109328579916815,1.1290184534384604,0.2857142857142857
7,147,2023-10-20 00:57:46,Solitude,Strongholds,0,58.33,7260,4615,288,168,120,2.17,17.0,26,12,9,0,0,19.0,17.0,3800,0,15,771,12.85,1.573131094257855,20.233463035019454,9.33852140077821,7.0038910505836585,5649.805447470817,3591.4396887159537,7.0,5.0,1.1168141592920353,1.1327832536746472,0.25
8,148,2023-10-20 01:12:18,Streets,Extraction,1,55.42,5830,3917,249,138,111,1.64,10.66,18,11,11,0,0,14.0,13.0,3225,0,10,586,9.766666666666667,1.4883839673219301,18.43003412969283,11.262798634812285,11.262798634812285,5969.283276450511,4010.5802047781567,4.0,2.0,1.1201641266119577,1.1353235228141076,0.3333333333333333
9,149,2023-10-20 01:24:14,Recharge,Extraction,0,59.29,3163,2908,113,67,46,1.0,2.0,8,8,6,0,0,9.0,8.0,1300,0,5,376,6.266666666666667,1.0876891334250345,12.76595744680851,12.76595744680851,9.574468085106384,5047.340425531915,4640.425531914894,-1.0,0.0,1.119603267211202,1.1350722292469038,0.3
10,150,2023-10-20 01:32:21,Live Fire,Slayer,1,44.58,2127,1997,83,37,46,6.0,6.0,6,1,3,0,0,6.0,4.0,750,0,3,322,5.366666666666666,1.0650976464697046,11.180124223602485,1.863354037267081,5.590062111801243,3963.354037267081,3721.11801242236,0.0,3.0,1.1224489795918366,1.1348196403652744,0.36363636363636365
11,151,2023-10-20 01:40:28,Aquarius,Slayer,1,47.89,4626,4329,213,102,111,1.2,4.0,12,10,6,0,0,14.0,12.0,1500,0,6,597,9.95,1.0686070686070686,12.06030150753769,10.050251256281408,6.030150753768845,4649.246231155779,4350.753768844222,-2.0,2.0,1.1228985507246376,1.1343055508226065,0.4166666666666667
12,154,2023-10-20 19:33:13,Recharge,Extraction,1,58.1,4996,2339,210,122,88,3.75,13.0,15,4,6,0,0,12.0,8.0,2725,0,5,414,6.9,2.135955536554083,21.73913043478261,5.797101449275362,8.695652173913043,7240.579710144928,3389.855072463768,3.0,4.0,1.1237877923559612,1.1397055191345522,0.46153846153846156
13,155,2023-10-20 19:43:34,Streets,Oddball,1,50.72,4169,3585,209,106,103,1.18,4.66,13,11,8,0,0,14.0,12.0,1735,0,4,531,8.85,1.1629009762900977,14.689265536723164,12.429378531073446,9.03954802259887,4710.734463276836,4050.8474576271187,-1.0,1.0,1.1241496598639455,1.1398513007242121,0.5
14,156,2023-10-20 19:55:21,Live Fire,Extraction,0,58.37,5371,4350,233,136,97,0.85,1.0,11,13,9,0,0,14.0,12.0,1750,0,4,541,9.016666666666667,1.234712643678161,12.199630314232902,14.4177449168207,9.9815157116451,5956.746765249537,4824.3992606284655,-3.0,-1.0,1.1221159257175015,1.1405692433229,0.4666666666666667
15,157,2023-10-20 20:05:53,Live Fire,Oddball,1,52.72,6778,5124,294,155,139,1.0,2.66,16,16,8,1,0,20.0,19.0,2120,0,5,794,13.233333333333333,1.3227946916471507,12.09068010075567,12.09068010075567,6.045340050377835,5121.914357682619,3872.040302267003,-4.0,3.0,1.121026213050753,1.1421794246120365,0.5
16,158,2023-10-20 20:21:37,Solitude,King of the Hill,1,48.03,2983,2075,152,73,79,4.33,12.66,13,3,8,0,0,12.0,10.0,1975,0,4,417,6.95,1.4375903614457832,18.70503597122302,4.316546762589928,11.510791366906474,4292.086330935252,2985.6115107913665,1.0,7.0,1.126391982182628,1.1432327196621086,0.5294117647058824
17,159,2023-10-20 20:31:51,Live Fire,Extraction,0,43.3,4560,3964,261,113,148,1.23,4.66,16,13,5,0,1,15.0,14.0,2350,0,7,629,10.483333333333333,1.1503531786074672,15.262321144674086,12.400635930047697,4.769475357710652,4349.761526232115,3781.240063593005,1.0,1.0,1.127142067440575,1.1432808921263096,0.5
18,160,2023-10-20 20:44:28,Streets,Slayer,0,48.59,3047,2437,142,69,73,1.43,5.33,10,7,7,0,0,10.0,10.0,1350,0,5,438,7.3,1.2503077554370128,13.698630136986301,9.589041095890412,9.589041095890412,4173.972602739726,3338.356164383562,0.0,3.0,1.1283039647577093,1.1437241974767278,0.47368421052631576
19,161,2023-10-20 20:55:57,Live Fire,Strongholds,0,46.36,4361,3819,220,102,118,0.55,-2.33,6,11,8,0,0,10.0,12.0,1325,0,2,493,8.216666666666667,1.1419219691018592,7.302231237322515,13.387423935091277,9.73630831643002,5307.505070993915,4647.870182555781,-4.0,1.0,1.1247947454844007,1.1437125748502994,0.45
20,162,2023-10-20 21:06:38,Argyle,CTF 3 Captures,0,55.28,4729,2607,199,110,89,1.43,3.33,10,7,1,0,0,10.0,10.0,1100,0,3,483,8.05,1.8139624088991178,12.422360248447204,8.695652173913043,1.2422360248447204,5874.534161490683,3238.509316770186,0.0,3.0,1.1259541984732824,1.1466503247370077,0.42857142857142855
21,163,2023-10-20 21:16:47,Recharge,Slayer,1,52.04,4410,3327,196,102,94,2.17,10.0,13,6,9,0,0,14.0,12.0,1750,0,5,569,9.483333333333333,1.3255184851217312,13.708260105448156,6.32688927943761,9.490333919156415,4650.263620386644,3508.260105448155,-1.0,6.0,1.1293478260869565,1.147645272823332,0.45454545454545453
22,165,2023-10-21 00:20:37,Live Fire,Strongholds,0,52.63,5303,5230,247,130,117,1.0,1.0,17,17,3,0,0,15.0,15.0,2250,0,5,650,10.833333333333334,1.0139579349904397,15.692307692307692,15.692307692307692,2.7692307692307687,4895.076923076923,4827.692307692307,2.0,-2.0,1.127545551982851,1.145750998740951,0.43478260869565216
23,166,2023-10-21 00:33:07,Live Fire,Slayer,1,56.18,3967,3868,178,100,78,0.92,1.33,11,12,7,0,0,12.0,10.0,1450,0,1,577,9.616666666666667,1.0255946225439503,11.43847487001733,12.478336221837088,7.279029462738301,4125.129982668977,4022.183708838821,-1.0,-2.0,1.1261980830670926,1.144988940465435,0.4583333333333333
24,167,2023-10-21 00:44:16,Recharge,Extraction,1,51.66,2965,1720,151,78,73,2.0,5.66,8,4,5,0,0,9.0,7.0,1850,0,8,370,6.166666666666667,1.7238372093023255,12.972972972972972,6.486486486486486,8.108108108108107,4808.108108108107,2789.189189189189,-1.0,3.0,1.1280552603613176,1.1466168302537112,0.48
25,168,2023-10-21 00:52:22,Streets,Oddball,1,52.9,3525,2480,138,73,65,1.5,5.0,9,6,6,0,0,11.0,10.0,1200,0,4,429,7.15,1.4213709677419355,12.587412587412587,8.391608391608392,8.391608391608392,4930.06993006993,3468.5314685314684,-2.0,4.0,1.1292372881355932,1.1477264399973293,0.5
26,170,2023-10-22 21:23:48,Live Fire,Slayer,1,48.46,3356,2286,130,63,67,2.4,9.66,12,5,8,0,0,10.0,6.0,1600,0,5,632,10.533333333333333,1.4680664916885389,11.39240506329114,4.746835443037975,7.59493670886076,3186.075949367089,2170.253164556962,2.0,1.0,1.1319261213720317,1.1485273690062678,0.5185185185185185
27,171,2023-10-22 21:36:48,Streets,Extraction,1,62.5,2067,1526,96,60,36,2.5,7.33,10,4,4,0,0,8.0,5.0,2050,0,7,335,5.583333333333333,1.354521625163827,17.910447761194032,7.164179104477613,7.164179104477613,3702.089552238806,2733.134328358209,2.0,1.0,1.134807793575566,1.1490356242612974,0.5357142857142857
28,172,2023-10-22 23:26:52,Recharge,King of the Hill,0,49.77,4438,3841,215,107,108,1.0,2.0,14,14,6,0,0,14.0,14.0,1810,0,4,530,8.833333333333334,1.1554282738870085,15.849056603773583,15.849056603773583,6.792452830188679,5024.1509433962265,4348.301886792453,0.0,0.0,1.1338212232096183,1.149075079861937,0.5172413793103449
29,173,2023-10-22 23:38:03,Streets,Slayer,0,57.69,3368,3523,130,75,55,0.46,-5.0,6,13,6,0,0,10.0,10.0,900,0,1,447,7.45,0.956003406187908,8.053691275167784,17.449664429530202,8.053691275167784,4520.805369127516,4728.859060402684,-4.0,-3.0,1.1292834890965733,1.1479882463285755,0.5
30,174,2023-10-24 00:26:02,Solitude,Strongholds,0,49.75,3768,4148,203,101,102,0.46,-5.66,6,13,4,0,0,12.0,13.0,1000,0,2,564,9.4,0.9083895853423336,6.382978723404254,13.829787234042552,4.25531914893617,4008.510638297872,4412.765957446808,-6.0,0.0,1.1248066013408973,1.1464106857990937,0.4838709677419355
31,175,2023-10-24 00:37:29,Empyrean,CTF 3 Captures,1,54.58,7115,3986,284,155,129,1.5,9.66,15,10,14,0,0,17.0,15.0,2230,0,8,772,12.866666666666667,1.7849974912192674,11.6580310880829,7.772020725388601,10.880829015544041,5529.79274611399,3097.927461139896,-2.0,5.0,1.1267316572601334,1.1504256436707094,0.5
32,176,2023-10-24 00:53:58,Live Fire,Oddball,1,48.04,5771,6584,306,147,159,0.76,-2.33,16,21,8,0,0,22.0,20.0,2155,0,6,908,15.133333333333333,0.8765188335358445,10.572687224669604,13.876651982378856,5.286343612334802,3813.4361233480176,4350.660792951542,-6.0,-1.0,1.1228426395939086,1.147610312770757,0.5151515151515151
33,177,2023-10-24 01:10:23,Solitude,Strongholds,0,50.26,4160,3324,195,98,97,1.36,5.0,15,11,3,0,0,12.0,12.0,1925,0,3,519,8.65,1.2515042117930204,17.341040462427745,12.716763005780347,3.468208092485549,4809.248554913294,3842.774566473988,3.0,1.0,1.1241797072185764,1.1481466526062722,0.5
34,178,2023-10-24 01:21:21,Recharge,Extraction,0,52.55,3334,3813,137,72,65,1.0,1.0,10,10,3,0,0,9.0,12.0,1475,0,3,472,7.866666666666666,0.8743771308680829,12.711864406779663,12.711864406779663,3.813559322033899,4238.13559322034,4847.033898305085,1.0,2.0,1.1235560020090407,1.146534980592927,0.4857142857142857
35,179,2023-10-27 01:30:24,Streets,Extraction,0,54.95,2826,3199,111,61,50,0.82,-1.0,9,11,3,0,0,10.0,10.0,1100,0,2,434,7.233333333333333,0.883401062832135,12.442396313364055,15.207373271889402,4.147465437788018,3906.912442396313,4422.58064516129,-1.0,-1.0,1.121878121878122,1.1452417495133669,0.4722222222222222
36,181,2023-10-27 01:45:21,Aquarius,Slayer,1,62.76,5259,3109,196,123,73,1.38,5.33,11,8,7,0,0,13.0,13.0,1450,0,3,580,9.666666666666666,1.69154068832422,11.379310344827587,8.275862068965518,7.241379310344827,5440.3448275862065,3216.2068965517246,-2.0,5.0,1.121031746031746,1.146715286183378,0.4864864864864865
37,182,2023-10-27 01:56:36,Streets,Oddball,0,60.0,4524,2596,190,114,76,1.86,8.33,13,7,7,0,0,10.0,10.0,1675,0,6,423,7.05,1.7426810477657935,18.43971631205674,9.929078014184396,9.929078014184396,6417.021276595744,3682.2695035460993,3.0,3.0,1.1235788433020266,1.149064493891347,0.47368421052631576
38,183,2023-10-27 02:04:54,Streets,Extraction,0,63.72,3732,3171,113,72,41,0.64,-1.66,7,11,7,0,0,10.0,9.0,1275,0,5,405,6.75,1.1769157994323558,10.37037037037037,16.296296296296294,10.37037037037037,5528.888888888889,4697.777777777777,-3.0,-2.0,1.12094395280236,1.149197953894627,0.46153846153846156
39,189,2023-10-30 01:56:22,Solitude,Slayer,1,52.38,3794,3705,189,99,90,1.0,1.33,10,10,4,0,0,13.0,12.0,1200,0,6,548,9.133333333333333,1.024021592442645,10.94890510948905,10.94890510948905,4.37956204379562,4154.014598540146,4056.569343065694,-3.0,2.0,1.1182641869337149,1.1507950531325342,0.475
40,191,2023-10-30 02:11:48,Recharge,King of the Hill,1,52.67,8431,6003,393,207,186,2.0,20.33,32,16,13,1,0,24.0,21.0,3950,0,9,854,14.233333333333333,1.404464434449442,22.4824355971897,11.24121779859485,9.133489461358314,5923.419203747073,4217.564402810304,8.0,5.0,1.1241737488196413,1.1531995967101254,0.4878048780487805
41,192,2023-10-30 02:28:11,Live Fire,Slayer,0,48.28,3207,3904,174,84,90,1.0,0.66,10,10,2,0,0,10.0,11.0,1100,0,2,476,7.933333333333334,0.8214651639344263,12.605042016806722,12.605042016806722,2.5210084033613445,4042.436974789916,4921.008403361344,0.0,1.0,1.1235902255639099,1.1513393947228565,0.47619047619047616
42,193,2023-10-30 02:37:12,Recharge,Oddball,0,49.39,8954,7017,411,203,208,1.47,13.0,28,19,12,0,0,25.0,25.0,3700,0,9,1049,17.483333333333334,1.2760438934017386,16.015252621544327,10.867492850333651,6.863679694947569,5121.448999046711,4013.536701620591,3.0,6.0,1.126688402421984,1.1525837318532992,0.46511627906976744
43,194,2023-10-30 02:57:02,Streets,Slayer,1,55.38,4669,3117,195,108,87,1.71,9.0,12,7,12,0,0,10.0,9.0,1800,0,6,418,6.966666666666667,1.497914661533526,17.22488038277512,10.047846889952153,17.22488038277512,6701.913875598086,4474.162679425837,2.0,2.0,1.128597957288765,1.154107630276466,0.4772727272727273
44,195,2023-10-30 03:05:18,Live Fire,Extraction,0,52.08,3383,3175,144,75,69,0.58,-3.66,7,12,4,0,0,10.0,10.0,900,0,1,438,7.3,1.0655118110236221,9.589041095890412,16.438356164383563,5.47945205479452,4634.246575342466,4349.315068493151,-3.0,-2.0,1.1255771006463526,1.1537111761630061,0.4666666666666667
45,196,2023-10-30 03:14:50,Aquarius,Slayer,1,53.33,4438,3458,225,120,105,1.4,7.66,14,10,11,0,0,13.0,11.0,1950,0,3,530,8.833333333333334,1.2834008097165992,15.849056603773583,11.320754716981131,12.452830188679245,5024.1509433962265,3914.7169811320755,1.0,1.0,1.1268382352941178,1.15434018208161,0.4782608695652174
46,197,2023-10-30 03:30:33,Aquarius,CTF 5 Captures,0,60.56,9835,6512,464,281,183,1.72,15.66,31,18,8,0,0,21.0,22.0,3665,0,7,1018,16.966666666666665,1.5102886977886978,18.271119842829076,10.609037328094304,4.715127701375247,5796.660117878193,3838.11394891945,10.0,4.0,1.1317228805834092,1.1575618251286677,0.46808510638297873
47,198,2023-10-30 03:49:00,Live Fire,King of the Hill,1,64.81,5990,4894,233,151,82,1.4,9.0,21,15,9,0,0,19.0,16.0,2725,0,6,647,10.783333333333333,1.2239476910502656,19.474497681607417,13.910355486862443,8.346213292117465,5554.868624420402,4538.485316846986,2.0,1.0,1.1335445903123584,1.1580103343120973,0.4791666666666667
48,199,2023-10-30 04:01:54,Aquarius,Slayer,0,51.4,3922,3806,214,110,104,1.1,2.66,11,10,5,0,0,12.0,13.0,1350,0,6,549,9.15,1.0304781923279034,12.021857923497269,10.928961748633878,5.464480874316939,4286.338797814207,4159.562841530054,-1.0,3.0,1.1333934204596665,1.1573437665221529,0.46938775510204084
49,200,2023-10-30 04:15:01,Recharge,Strongholds,1,51.49,5524,3739,235,121,114,1.4,7.66,14,10,11,0,0,16.0,15.0,2325,0,3,652,10.866666666666667,1.4774003744316662,12.883435582822084,9.20245398773006,10.122699386503067,5083.435582822086,3440.79754601227,-2.0,5.0,1.1345895020188426,1.1589787520083943,0.48
50,201,2023-10-30 04:27:21,Aquarius,Slayer,0,53.57,3605,3610,168,90,78,0.83,-0.66,10,12,4,0,0,11.0,11.0,1210,0,2,490,8.166666666666666,0.9986149584487535,12.244897959183675,14.693877551020408,4.8979591836734695,4414.285714285715,4420.408163265307,-1.0,-1.0,1.1329763498438197,1.1581916909799357,0.47058823529411764
51,202,2023-10-30 04:36:32,Aquarius,CTF 5 Captures,0,51.94,7723,4303,387,201,186,2.6,19.33,26,10,10,0,0,17.0,17.0,3275,0,11,786,13.1,1.794794329537532,19.84732824427481,7.633587786259542,7.633587786259542,5895.419847328244,3284.732824427481,9.0,7.0,1.1394935584184807,1.1618942448445004,0.46153846153846156
52,203,2023-10-30 04:51:18,Live Fire,Extraction,0,48.18,4085,4120,220,106,114,0.91,0.33,10,11,4,0,0,13.0,12.0,1700,0,9,544,9.066666666666666,0.991504854368932,11.029411764705884,12.132352941176471,4.411764705882353,4505.514705882353,4544.117647058823,-3.0,1.0,1.1383731211317418,1.1609506412298494,0.4528301886792453
53,204,2023-10-30 05:01:52,Argyle,CTF 3 Captures,0,44.44,3210,2882,162,72,90,0.67,-2.0,6,9,3,0,0,9.0,10.0,750,0,4,463,7.716666666666667,1.1138098542678696,7.7753779697624195,11.663066954643629,3.8876889848812097,4159.827213822894,3734.773218142549,-3.0,1.0,1.136503742844562,1.1607687291706557,0.4444444444444444
54,205,2023-10-30 05:11:30,Streets,Extraction,0,56.7,6762,4995,261,148,113,1.27,7.33,19,15,10,0,0,16.0,15.0,3010,0,6,671,11.183333333333334,1.3537537537537538,16.98956780923994,13.412816691505217,8.941877794336811,6046.497764530551,4466.467958271237,3.0,0.0,1.1373578302712162,1.1620508673411027,0.43636363636363634
55,207,2023-10-31 00:45:12,Streets,Oddball,1,45.0,1111,898,60,27,33,1.0,0.66,2,2,2,0,0,6.0,3.0,570,0,1,323,5.383333333333334,1.2371937639198218,3.7151702786377703,3.7151702786377703,3.7151702786377703,2063.7770897832816,1668.111455108359,-4.0,1.0,1.1368788142981692,1.1617224208342056,0.44642857142857145
56,209,2023-10-31 00:58:30,Solitude,Slayer,0,54.79,3627,4288,146,80,66,0.5,-5.66,7,14,4,0,0,11.0,12.0,900,0,1,516,8.6,0.8458488805970149,8.13953488372093,16.27906976744186,4.651162790697675,4217.441860465116,4986.046511627907,-4.0,-2.0,1.134399308556612,1.1604290377412811,0.43859649122807015
57,210,2023-10-31 01:08:48,Aquarius,Slayer,1,60.66,5485,3004,211,128,83,3.6,15.0,18,5,6,0,0,12.0,11.0,2100,0,6,518,8.633333333333333,1.8258988015978694,20.849420849420852,5.791505791505792,6.94980694980695,6353.281853281853,3479.5366795366795,6.0,6.0,1.1397153945666236,1.1630467091712138,0.4482758620689655
58,211,2023-10-31 01:20:35,Solitude,Slayer,1,53.33,4674,3584,195,104,91,1.0,2.33,11,11,7,0,0,13.0,12.0,1450,0,3,549,9.15,1.3041294642857142,12.021857923497269,12.021857923497269,7.6502732240437155,5108.196721311475,3916.9398907103823,-2.0,1.0,1.1390557939914163,1.163705724343677,0.4576271186440678
59,212,2023-10-31 01:31:12,Streets,Extraction,1,59.66,4849,3998,176,105,71,1.17,3.66,14,12,5,0,0,13.0,12.0,2475,0,8,550,9.166666666666666,1.212856428214107,15.272727272727273,13.09090909090909,5.454545454545455,5289.818181818182,4361.454545454546,1.0,0.0,1.139197267292912,1.1639605064407175,0.4666666666666667
60,213,2023-10-31 01:42:15,Aquarius,Slayer,0,52.47,4679,4028,223,117,106,1.09,3.66,12,11,8,0,0,13.0,12.0,1600,0,4,557,9.283333333333333,1.1616186693147965,12.926391382405743,11.849192100538598,8.617594254937163,5040.215439856373,4338.958707360862,-1.0,1.0,1.1389715257118571,1.1639483395309902,0.45901639344262296
61,214,2023-10-31 01:53:07,Recharge,Strongholds,0,51.98,6062,4213,252,131,121,1.23,6.0,16,13,9,0,0,15.0,15.0,2475,0,5,643,10.716666666666667,1.438879658200807,14.930015552099533,12.13063763608087,8.398133748055987,5656.609642301711,3931.259720062208,1.0,2.0,1.139475908706678,1.1654342622122216,0.45161290322580644
62,216,2023-11-02 01:30:30,Solitude,Slayer,0,59.61,4913,3898,203,121,82,1.42,5.66,17,12,2,0,0,12.0,12.0,1800,0,5,546,9.1,1.2603899435608004,18.681318681318682,13.186813186813186,2.197802197802198,5398.9010989010985,4283.516483516483,5.0,0.0,1.1399159663865546,1.16539664192957,0.4444444444444444
63,217,2023-11-02 01:42:15,Live Fire,Extraction,1,60.54,3530,2902,147,89,58,2.0,9.33,12,6,10,0,0,11.0,10.0,2525,0,10,445,7.416666666666667,1.2164024810475533,16.179775280898877,8.089887640449438,13.48314606741573,4759.550561797752,3912.808988764045,1.0,4.0,1.1420787929589271,1.1655847828711972,0.453125
64,218,2023-11-02 01:51:08,Live Fire,Oddball,1,50.81,3291,1846,124,63,61,2.75,7.66,11,4,2,0,0,11.0,9.0,1200,0,6,425,7.083333333333333,1.7827735644637053,15.529411764705882,5.647058823529411,2.8235294117647056,4646.117647058823,2606.1176470588234,0.0,5.0,1.1447698744769874,1.1670295501723962,0.46153846153846156
65,220,2023-11-02 02:20:11,Live Fire,King of the Hill,0,55.93,6448,7118,236,132,104,1.21,8.0,23,19,12,0,0,18.0,17.0,3150,0,16,673,11.216666666666667,0.9058724360775499,20.50520059435364,16.939078751857355,10.698365527488855,5748.588410104012,6345.91381872214,5.0,-2.0,1.1470951792336217,1.1683565808186123,0.45454545454545453
66,221,2023-11-02 02:33:26,Aquarius,Slayer,0,48.85,3954,3380,217,106,111,1.22,3.33,11,9,4,0,0,11.0,11.0,1300,0,3,491,8.183333333333334,1.1698224852071006,13.441955193482688,10.9979633401222,4.887983706720977,4831.771894093687,4130.346232179226,0.0,2.0,1.1473727422003284,1.1683627305325008,0.44776119402985076
67,222,2023-11-02 02:43:39,Solitude,Strongholds,1,51.46,3703,3107,171,88,83,1.5,7.0,12,8,9,0,0,12.0,10.0,2025,0,5,486,8.1,1.1918249114901835,14.814814814814817,9.876543209876544,11.11111111111111,4571.604938271605,3835.8024691358023,0.0,2.0,1.1485270049099836,1.1684528607955529,0.45588235294117646
68,223,2023-11-02 02:53:28,Live Fire,Strongholds,1,53.33,3500,2927,180,96,84,1.43,4.66,10,7,5,0,0,11.0,7.0,1575,0,4,459,7.65,1.1957635804578066,13.071895424836601,9.15032679738562,6.5359477124183005,4575.16339869281,3826.143790849673,-1.0,0.0,1.149326805385557,1.1685513407899,0.463768115942029
69,224,2023-11-02 03:02:30,Forbidden,CTF 3 Captures,0,50.45,4760,5321,224,113,111,0.73,-3.0,11,15,3,0,1,15.0,16.0,1175,0,7,749,12.483333333333333,0.8945686900958466,8.811748998664887,12.016021361815755,2.4032042723631513,3813.084112149533,4262.4833110814425,-4.0,1.0,1.1467964314679644,1.1667670284586877,0.45714285714285713
70,225,2023-11-02 03:16:09,Solitude,Slayer,1,52.49,4915,4052,181,95,86,1.09,2.33,12,11,4,0,0,15.0,12.0,1400,0,7,599,9.983333333333333,1.2129812438302072,12.020033388981638,11.018363939899833,4.006677796327212,4923.205342237062,4058.7646076794663,-3.0,1.0,1.146548243843359,1.1669950894901449,0.4647887323943662
71,226,2023-11-02 03:27:35,Aquarius,Slayer,1,50.0,2240,1885,108,54,54,0.83,1.66,5,6,8,0,0,10.0,9.0,900,0,2,421,7.016666666666667,1.1883289124668435,7.125890736342043,8.551068883610451,11.401425178147269,3192.399049881235,2686.46080760095,-5.0,3.0,1.1457913813934757,1.1670439536271189,0.4722222222222222
72,227,2023-11-02 03:35:54,Live Fire,Oddball,1,48.8,7492,6109,334,163,171,1.0,2.0,19,19,6,0,0,22.0,21.0,2310,0,13,867,14.45,1.2263872974300212,13.14878892733564,13.14878892733564,4.152249134948097,5184.775086505191,4227.681660899654,-3.0,2.0,1.1446842525979217,1.1674812143434368,0.4794520547945205
73,228,2023-11-02 03:52:03,Argyle,CTF 3 Captures,1,50.26,4358,4184,195,98,97,0.9,3.33,9,10,13,0,0,13.0,13.0,1915,0,3,643,10.716666666666667,1.0415869980879542,8.398133748055987,9.331259720062208,12.13063763608087,4066.5629860031104,3904.1990668740277,-4.0,3.0,1.1437101910828025,1.1668490796544715,0.4864864864864865
74,229,2023-11-02 04:03:58,Forbidden,CTF 3 Captures,1,59.38,6444,4361,224,133,91,1.67,10.0,20,12,6,0,0,16.0,15.0,2350,0,9,761,12.683333333333334,1.4776427424902545,15.768725361366622,9.461235216819974,4.730617608409987,5080.683311432325,3438.3705650459924,4.0,3.0,1.1461965134706815,1.1684671724557834,0.49333333333333335
75,240,2023-11-04 02:09:16,Streets,Slayer,1,54.22,3925,3117,166,90,76,1.0,2.66,8,8,8,0,0,12.0,12.0,1200,0,3,520,8.666666666666666,1.2592236124478666,9.230769230769232,9.230769230769232,9.230769230769232,4528.846153846154,3596.538461538462,-4.0,4.0,1.1445327279606508,1.1693650366123112,0.5
76,241,2023-11-04 02:19:33,Live Fire,Strongholds,0,50.0,4993,5097,252,126,126,0.94,1.33,15,16,7,0,0,16.0,18.0,2525,0,3,758,12.633333333333333,0.9795958406906023,11.87335092348285,12.66490765171504,5.54089709762533,3952.2427440633246,4034.5646437994724,-1.0,2.0,1.143286949981196,1.168267512382206,0.4935064935064935
77,242,2023-11-04 02:35:14,Aquarius,CTF 5 Captures,0,54.06,6090,5329,283,153,130,1.44,9.0,23,16,6,0,0,15.0,17.0,2985,0,8,752,12.533333333333333,1.1428035278663915,18.351063829787236,12.76595744680851,4.787234042553192,4859.04255319149,4251.86170212766,8.0,1.0,1.1450467289719626,1.1681144643674841,0.48717948717948717
78,243,2023-11-04 02:48:43,Live Fire,Slayer,1,37.84,3020,3488,222,84,138,0.57,-0.33,4,7,8,0,0,10.0,10.0,820,0,0,445,7.416666666666667,0.8658256880733946,5.393258426966292,9.438202247191011,10.786516853932584,4071.9101123595506,4702.921348314607,-6.0,3.0,1.1435495898583148,1.166929926459519,0.4936708860759494
79,244,2023-11-04 03:00:56,Streets,Extraction,1,52.36,4777,4262,233,122,111,1.64,11.0,18,11,12,0,0,16.0,12.0,3325,0,8,594,9.9,1.1208352885969028,18.18181818181818,11.11111111111111,12.121212121212121,4825.252525252525,4305.050505050504,2.0,1.0,1.1455625696249536,1.1667102720978908,0.5
80,245,2023-11-04 03:12:06,Solitude,Strongholds,1,55.68,11536,6668,440,245,195,2.35,31.0,40,17,24,0,0,28.0,23.0,6625,0,21,1080,18.0,1.7300539892021596,22.22222222222222,9.444444444444445,13.333333333333332,6408.888888888889,3704.4444444444443,12.0,6.0,1.1531365313653137,1.170879150148937,0.5061728395061729
81,246,2023-11-04 03:32:20,Aquarius,Slayer,1,53.07,4485,2933,179,95,84,2.0,10.0,16,8,6,0,0,11.0,10.0,1900,0,3,450,7.5,1.5291510398908967,21.333333333333332,10.666666666666666,8.0,5980.0,3910.6666666666665,5.0,2.0,1.1556291390728477,1.1720415714862524,0.5121951219512195
82,247,2023-11-04 03:41:15,Live Fire,Slayer,0,43.6,4304,4673,250,109,141,0.91,0.66,10,11,5,0,0,14.0,13.0,1250,0,6,615,10.25,0.9210357372137813,9.75609756097561,10.731707317073171,4.878048780487805,4199.024390243902,4559.024390243902,-4.0,2.0,1.1546353975815318,1.170750711488811,0.5060240963855421
83,248,2023-11-04 03:54:10,Recharge,Strongholds,0,44.66,3737,3848,206,92,114,0.58,-2.33,7,12,8,0,0,13.0,14.0,1425,0,1,605,10.083333333333334,0.9711538461538461,6.942148760330578,11.900826446280991,7.9338842975206605,3706.1157024793383,3816.1983471074377,-6.0,2.0,1.1521342575702298,1.1699090197763082,0.5
84,249,2023-11-04 04:06:26,Aquarius,CTF 5 Captures,1,49.61,8863,6448,383,190,193,1.25,6.0,20,16,6,0,0,24.0,22.0,2675,0,7,1045,17.416666666666668,1.3745347394540943,11.483253588516746,9.186602870813395,3.4449760765550237,5088.803827751196,3702.2009569377988,-4.0,6.0,1.1527022125498732,1.171344811601016,0.5058823529411764
85,250,2023-11-04 04:24:44,Forbidden,CTF 3 Captures,0,55.7,4718,2266,228,127,101,3.0,14.33,18,6,7,0,0,9.0,11.0,2210,0,8,502,8.366666666666667,2.082082965578111,21.51394422310757,7.1713147410358555,8.366533864541832,5639.043824701194,2708.3665338645415,9.0,5.0,1.1567137169743034,1.1735850285490979,0.5
86,251,2023-11-04 04:36:08,Solitude,Slayer,0,50.3,3685,4153,169,85,84,0.43,-6.0,6,14,6,0,0,9.0,11.0,900,0,4,458,7.633333333333334,0.8873103780399711,7.860262008733624,18.34061135371179,7.860262008733624,4827.510917030567,5440.611353711791,-3.0,-3.0,1.1530428519985596,1.1723002508177784,0.4942528735632184
87,252,2023-11-04 04:45:26,Solitude,King of the Hill,0,49.49,4353,4707,196,97,99,0.8,-0.66,12,15,7,0,0,17.0,17.0,1650,0,4,658,10.966666666666667,0.9247928616953474,10.94224924012158,13.677811550151976,6.382978723404255,3969.300911854103,4292.09726443769,-5.0,2.0,1.1511461318051577,1.1710476518148976,0.48863636363636365
88,254,2023-11-04 05:07:11,Streets,Oddball,0,51.5,6250,7055,301,155,146,0.7,-2.66,14,20,10,0,0,21.0,22.0,2235,0,7,895,14.916666666666666,0.8858965272856131,9.385474860335195,13.407821229050281,6.703910614525141,4189.944134078212,4729.608938547486,-7.0,2.0,1.1474654377880185,1.1683282436904023,0.48314606741573035
89,255,2023-11-04 05:23:57,Solitude,Strongholds,0,49.33,5463,5390,225,111,114,1.12,6.0,19,17,12,0,0,14.0,16.0,2875,0,9,673,11.216666666666667,1.013543599257885,16.939078751857355,15.156017830609212,10.698365527488855,4870.4309063893015,4805.3491827637445,5.0,-1.0,1.1472868217054264,1.1674462025115715,0.4777777777777778
90,256,2023-11-04 05:37:30,Live Fire,King of the Hill,1,54.17,1944,2562,72,39,33,0.88,-0.33,7,8,2,0,0,7.0,9.0,1350,0,4,374,6.233333333333333,0.7587822014051522,11.229946524064172,12.834224598930481,3.2085561497326203,3118.716577540107,4110.1604278074865,0.0,1.0,1.146521433591005,1.166342268858654,0.4835164835164835
91,257,2023-11-04 05:45:01,Empyrean,CTF 3 Captures,0,53.33,2958,3510,135,72,63,0.36,-5.0,4,11,6,0,0,7.0,12.0,700,0,3,477,7.95,0.8427350427350427,5.031446540880503,13.836477987421382,7.547169811320754,3720.754716981132,4415.094339622641,-3.0,1.0,1.143507175358768,1.165149054451254,0.4782608695652174
92,258,2023-11-05 21:19:26,Solitude,King of the Hill,1,53.94,7818,5749,330,178,152,1.64,12.33,23,14,10,0,0,21.0,17.0,3175,0,13,706,11.766666666666667,1.359888676291529,19.546742209631727,11.898016997167138,8.498583569405099,6644.192634560905,4885.835694050991,2.0,3.0,1.145942180424939,1.1663180822881893,0.4838709677419355
93,259,2023-11-05 21:32:41,Solitude,Slayer,0,42.98,4279,4298,228,98,130,0.62,-3.0,8,13,6,0,0,12.0,12.0,1100,0,4,542,9.033333333333333,0.9955793392275477,8.85608856088561,14.391143911439116,6.642066420664206,4736.90036900369,4757.933579335793,-4.0,-1.0,1.1435506241331483,1.1655552448541084,0.4787234042553192
94,260,2023-11-05 21:45:19,Live Fire,Oddball,0,47.86,4931,4916,234,112,122,0.88,3.0,14,16,15,1,0,17.0,16.0,2170,0,5,661,11.016666666666667,1.0030512611879576,12.708018154311649,14.523449319213313,13.61573373676248,4475.945537065053,4462.32980332829,-3.0,0.0,1.1420689655172414,1.1647290249116504,0.47368421052631576
95,261,2023-11-05 21:58:02,Solitude,Slayer,1,52.61,5183,3942,230,121,109,1.36,6.66,15,11,8,0,0,14.0,13.0,1900,0,3,608,10.133333333333333,1.3148148148148149,14.80263157894737,10.855263157894736,7.894736842105264,5114.8026315789475,3890.131578947369,1.0,2.0,1.1429062177945724,1.165338434076093,0.4791666666666667
96,262,2023-11-05 22:09:31,Streets,Oddball,0,52.62,9282,9962,401,211,190,0.7,-3.0,21,30,18,0,0,27.0,27.0,3425,0,8,1097,18.283333333333335,0.931740614334471,11.485870556061986,16.40838650865998,9.845031905195988,5076.754785779398,5448.678213309024,-6.0,-3.0,1.1383883032981978,1.16296578001042,0.4742268041237113
97,263,2023-11-05 22:28:41,Recharge,King of the Hill,0,57.62,8259,6254,328,189,139,1.28,8.66,23,18,11,0,0,22.0,20.0,3050,0,8,795,13.25,1.320594819315638,17.358490566037737,13.584905660377357,8.30188679245283,6233.207547169812,4720.0,1.0,2.0,1.1392362284555593,1.1639645207207299,0.46938775510204084
98,264,2023-11-06 00:35:26,Aquarius,Slayer,1,50.16,5706,3655,305,153,152,1.44,7.0,13,9,9,0,0,16.0,14.0,1750,0,6,668,11.133333333333333,1.5611491108071136,11.676646706586826,8.083832335329342,8.083832335329342,5125.149700598803,3282.934131736527,-3.0,5.0,1.1401617250673854,1.1654298432437342,0.47474747474747475
99,265,2023-11-06 00:48:10,Recharge,Strongholds,0,48.96,4118,3099,192,94,98,1.0,3.0,11,11,9,0,0,11.0,10.0,1700,0,2,452,7.533333333333333,1.3288157470151662,14.601769911504425,14.601769911504425,11.946902654867257,5466.37168141593,4113.716814159292,0.0,-1.0,1.1396441758979523,1.1659393303944723,0.47
100,266,2023-11-06 00:56:46,Recharge,King of the Hill,1,50.66,5317,5013,229,116,113,0.72,-0.66,13,18,13,0,0,18.0,16.0,2250,0,5,643,10.716666666666667,1.0606423299421504,12.13063763608087,16.796267496111973,12.13063763608087,4961.430793157077,4677.7604976671855,-5.0,-2.0,1.137137137137137,1.1654108539859955,0.4752475247524752
101,267,2023-11-06 01:08:42,Live Fire,Oddball,0,53.96,7829,7243,328,177,151,0.96,6.33,23,24,22,1,0,24.0,24.0,3685,0,5,972,16.2,1.0809057020571586,14.197530864197532,14.814814814814817,13.580246913580247,4832.716049382717,4470.9876543209875,-1.0,0.0,1.1357166501158558,1.1648024730012474,0.47058823529411764
102,268,2023-11-06 01:27:20,Recharge,Strongholds,1,57.09,7215,5262,247,141,106,1.56,12.33,28,18,7,0,0,18.0,16.0,3500,0,16,727,12.116666666666667,1.37115165336374,23.10866574965612,14.855570839064649,5.77716643741403,5954.607977991746,4342.778541953232,10.0,-2.0,1.138203356367226,1.1658761211754458,0.47572815533980584
103,269,2023-11-06 01:41:02,Streets,Oddball,0,55.74,9183,7717,357,199,158,1.48,13.33,34,23,7,0,0,24.0,24.0,3940,0,18,1000,16.666666666666668,1.1899701956718933,20.4,13.799999999999999,4.2,5509.799999999999,4630.2,10.0,1.0,1.1407576747224037,1.1660585803949584,0.47115384615384615
104,270,2023-11-06 01:58:45,Aquarius,Slayer,1,45.93,4422,4078,246,113,133,1.18,3.66,13,11,5,0,0,13.0,11.0,1550,0,4,528,8.8,1.0843550760176557,14.77272727272727,12.5,5.681818181818182,5024.999999999999,4634.090909090909,0.0,0.0,1.1409046534331273,1.165732923346385,0.47619047619047616
105,271,2023-11-06 02:31:35,Forbidden,CTF 3 Captures,0,43.64,2387,2420,110,48,62,0.33,-5.33,3,9,2,0,1,8.0,8.0,325,0,1,406,6.766666666666667,0.9863636363636363,4.433497536945813,13.300492610837438,2.9556650246305423,3527.5862068965516,3576.3546798029556,-5.0,-1.0,1.1385463984425697,1.1653096606477356,0.4716981132075472
106,272,2023-11-06 02:40:05,Live Fire,King of the Hill,1,59.3,2417,2011,86,51,35,1.4,3.33,7,5,4,0,0,9.0,7.0,1000,0,3,303,5.05,1.2018896071606167,13.861386138613863,9.900990099009901,7.920792079207921,4786.138613861386,3982.1782178217827,-2.0,2.0,1.1389698736637512,1.1653812504075216,0.4766355140186916
107,273,2023-11-06 02:46:04,Solitude,King of the Hill,0,54.11,6561,4462,231,125,106,1.29,6.66,18,14,8,0,0,20.0,18.0,2550,2,10,728,12.133333333333333,1.4704168534289557,14.835164835164836,11.53846153846154,6.593406593406593,5407.417582417583,3677.472527472528,-2.0,4.0,1.1396323766526926,1.1667000964133274,0.4722222222222222
108,274,2023-11-06 02:59:28,Solitude,Slayer,0,50.85,3813,4170,177,90,87,0.62,-1.66,8,13,10,0,0,12.0,12.0,1310,1,5,535,8.916666666666666,0.9143884892086331,8.971962616822431,14.57943925233645,11.214953271028039,4276.261682242991,4676.6355140186915,-4.0,-1.0,1.1374438021836866,1.165684699160864,0.46788990825688076
109,275,2023-11-06 03:09:54,Live Fire,Slayer,0,39.55,2952,3667,177,70,107,0.92,-0.33,12,13,2,0,0,10.0,11.0,1300,0,3,462,7.7,0.8050177256613035,15.584415584415584,16.883116883116884,2.5974025974025974,3833.766233766233,4762.337662337663,2.0,-2.0,1.1365526063319475,1.1644128202859638,0.4636363636363636
110,276,2023-11-06 03:19:22,Argyle,CTF 3 Captures,0,47.92,6129,5017,288,138,150,1.47,9.0,22,15,6,0,0,15.0,16.0,2600,1,5,757,12.616666666666667,1.2216464022324098,17.437252311756936,11.889035667107002,4.7556142668428,4857.859973579921,3976.486129458388,7.0,1.0,1.1381285805219605,1.1646876306982024,0.4594594594594595
111,277,2023-11-06 03:32:59,Live Fire,King of the Hill,0,46.48,3338,3411,142,66,76,0.55,-2.66,6,11,7,0,0,11.0,10.0,1025,0,1,401,6.683333333333334,0.9785986514218704,8.977556109725684,16.458852867830423,10.473815461346634,4994.513715710723,5103.740648379052,-5.0,-1.0,1.1360608943862989,1.1640821154653338,0.45535714285714285
112,278,2023-11-06 03:43:09,Solitude,Strongholds,1,58.14,3383,2630,129,75,54,0.89,0.66,8,9,5,0,0,11.0,8.0,1375,0,2,467,7.783333333333333,1.2863117870722434,10.278372591006423,11.563169164882227,6.423982869379015,4346.466809421841,3379.014989293362,-3.0,-1.0,1.135357368753953,1.1643880065847694,0.46017699115044247
113,279,2023-11-06 03:51:43,Aquarius,CTF 5 Captures,0,49.4,4935,4839,249,123,126,0.8,1.0,12,15,12,0,0,16.0,16.0,2195,0,6,735,12.25,1.0198388096714197,9.795918367346939,12.244897959183675,9.795918367346939,4028.5714285714284,3950.204081632653,-4.0,1.0,1.1337740006295247,1.1637254688377636,0.45614035087719296
114,280,2023-11-06 04:07:03,Solitude,Slayer,1,46.99,3611,3500,166,78,88,1.0,2.33,8,8,7,0,0,10.0,10.0,1150,0,3,465,7.75,1.0317142857142858,10.32258064516129,10.32258064516129,9.032258064516128,4659.354838709677,4516.129032258064,-2.0,2.0,1.1334379905808478,1.163289273815694,0.4608695652173913
115,281,2023-11-06 04:18:02,Recharge,King of the Hill,0,53.31,6602,6732,287,153,134,0.9,1.66,18,20,11,0,0,19.0,19.0,2650,0,5,745,12.416666666666666,0.9806892453951277,14.496644295302016,16.107382550335572,8.859060402684564,5317.046979865772,5421.744966442953,-1.0,-1.0,1.13198127925117,1.1621360981105666,0.45689655172413796
116,282,2023-11-06 04:38:44,Live Fire,Oddball,0,42.04,3101,3423,157,66,91,0.58,-2.66,7,12,7,0,0,11.0,12.0,1170,0,2,475,7.916666666666667,0.9059304703476483,8.842105263157894,15.157894736842106,8.842105263157894,3917.052631578947,4323.789473684211,-4.0,0.0,1.129934721790488,1.1613160227566008,0.452991452991453
117,283,2023-11-06 04:48:43,Streets,Slayer,1,37.17,667,933,113,42,71,0.5,0.0,1,2,3,0,0,3.0,2.0,250,0,0,238,3.966666666666667,0.714898177920686,2.5210084033613445,5.042016806722689,7.563025210084033,1681.5126050420167,2352.1008403361343,-2.0,0.0,1.1295433364398881,1.160926885644428,0.4576271186440678
118,284,2023-11-06 04:57:17,Streets,Extraction,1,53.27,4810,3741,199,106,93,1.27,7.0,14,11,12,1,0,13.0,13.0,2900,0,13,559,9.316666666666666,1.2857524726009089,15.026833631484795,11.806797853309481,12.880143112701251,5162.790697674419,4015.3846153846152,1.0,2.0,1.130030959752322,1.1613616515746528,0.46218487394957986
119,285,2023-11-06 05:08:07,Live Fire,King of the Hill,1,53.47,6014,4872,202,108,94,1.21,4.66,17,14,5,0,0,16.0,15.0,2335,0,5,603,10.05,1.2344006568144499,16.915422885572138,13.930348258706466,4.975124378109452,5984.07960199005,4847.76119402985,1.0,1.0,1.13039457459926,1.1616914592891237,0.4666666666666667
120,286,2023-11-06 05:19:32,Aquarius,CTF 5 Captures,0,46.78,5962,4211,342,160,182,1.46,10.33,19,13,13,0,0,15.0,17.0,2600,0,3,753,12.55,1.4158157207314177,15.139442231075698,10.358565737051793,10.358565737051793,4750.597609561753,3355.3784860557766,4.0,4.0,1.131716303346638,1.162679417002643,0.4628099173553719
121,287,2023-11-06 05:32:57,Live Fire,Strongholds,0,49.37,5327,5597,239,118,121,0.94,1.66,17,18,8,0,0,19.0,20.0,2860,0,2,852,14.2,0.951759871359657,11.971830985915492,12.67605633802817,5.633802816901409,3751.4084507042253,3941.5492957746483,-2.0,2.0,1.1306870229007633,1.1615951386809558,0.45901639344262296
122,288,2023-11-07 01:45:08,Live Fire,Strongholds,0,59.77,7292,5417,256,153,103,1.17,6.0,21,18,9,0,0,16.0,17.0,2900,0,9,730,12.166666666666666,1.3461325456894961,17.26027397260274,14.794520547945208,7.397260273972604,5993.424657534247,4452.328767123288,5.0,-1.0,1.1308836926814454,1.162508739461238,0.45528455284552843
123,289,2023-11-07 01:58:53,Live Fire,Oddball,1,54.55,4248,3800,143,78,65,1.1,3.33,11,10,7,0,0,13.0,12.0,1475,0,7,516,8.6,1.1178947368421053,12.790697674418606,11.627906976744187,8.13953488372093,4939.53488372093,4418.604651162791,-2.0,2.0,1.1307901907356948,1.1623543341150755,0.4596774193548387
124,290,2023-11-07 02:09:22,Live Fire,Slayer,0,58.1,2924,2967,105,61,44,0.5,-4.0,5,10,3,0,0,10.0,11.0,650,0,1,466,7.766666666666667,0.9855072463768116,6.437768240343348,12.875536480686696,3.8626609442060085,3764.8068669527897,3820.171673819743,-5.0,1.0,1.1288862058557199,1.161877737428493,0.456
125,291,2023-11-07 02:20:11,Recharge,Extraction,1,51.96,4249,2928,179,93,86,1.88,9.33,15,8,7,0,0,13.0,10.0,2700,0,7,523,8.716666666666667,1.4511612021857923,17.208413001912046,9.177820267686425,8.030592734225621,4874.5697896749525,3359.0822179732313,2.0,2.0,1.1306835290575128,1.162645057841956,0.4603174603174603
126,292,2023-11-07 02:29:52,Streets,Slayer,1,47.11,2569,2651,329,155,174,1.75,6.66,14,8,2,0,0,9.0,9.0,1500,0,5,415,6.916666666666667,0.969068276122218,20.240963855421686,11.566265060240964,2.891566265060241,3714.216867469879,3832.771084337349,5.0,1.0,1.1321718233703815,1.1621812871152015,0.4645669291338583
127,293,2023-11-07 02:38:26,Recharge,Oddball,0,49.3,5083,4818,215,106,109,0.94,1.66,15,16,8,0,0,16.0,17.0,1970,0,4,689,11.483333333333333,1.0550020755500207,13.062409288824384,13.933236574746012,6.966618287373006,4426.4150943396235,4195.645863570392,-1.0,1.0,1.1312406576980567,1.1617166319187935,0.4609375
128,294,2023-11-07 02:51:00,Streets,Slayer,1,52.45,3889,3240,204,107,97,1.13,4.0,9,8,9,0,0,12.0,12.0,1360,0,4,546,9.1,1.2003086419753086,9.89010989010989,8.791208791208792,9.89010989010989,4273.626373626374,3560.4395604395604,-3.0,4.0,1.131225767968983,1.1618288160821262,0.46511627906976744
129,295,2023-11-07 03:01:51,Solitude,Strongholds,0,52.79,4811,4777,197,104,93,1.36,6.33,15,11,7,0,0,14.0,15.0,2435,0,4,628,10.466666666666667,1.00711743772242,14.331210191082802,10.509554140127388,6.687898089171974,4596.496815286624,4564.012738853503,1.0,4.0,1.131985731272295,1.1611685647818923,0.46153846153846156
130,297,2023-11-07 03:22:42,Aquarius,CTF 5 Captures,0,48.39,6408,6149,248,120,128,1.11,5.66,21,19,11,0,0,16.0,17.0,3145,0,10,751,12.516666666666667,1.0421206700276469,16.777629826897467,15.179760319573901,8.788282290279627,5119.573901464713,4912.649800266311,5.0,-2.0,1.129640542133176,1.15951858560152,0.4580152671755725
131,298,2023-11-07 03:41:40,Live Fire,Slayer,0,50.72,5260,5248,276,140,136,1.29,5.66,18,14,5,0,0,12.0,13.0,2050,0,6,564,9.4,1.0022865853658536,19.148936170212764,14.893617021276595,5.319148936170213,5595.744680851063,5582.978723404256,6.0,-1.0,1.130281690140845,1.1587907803795525,0.45454545454545453
132,299,2023-11-07 03:52:23,Live Fire,Oddball,0,50.17,6567,5532,299,150,149,0.88,1.66,15,17,11,0,0,17.0,18.0,2345,0,7,720,12.0,1.1870932754880694,12.5,14.166666666666668,9.166666666666666,5472.5,4610.0,-2.0,1.0,1.129051094890511,1.1589282077929373,0.45112781954887216
133,300,2023-11-07 04:06:14,Streets,Oddball,0,55.63,3153,3467,142,79,63,0.31,-6.33,4,13,8,0,0,12.0,13.0,1300,0,1,527,8.783333333333333,0.9094317854052495,4.5540796963946875,14.800759013282732,9.108159392789375,3589.753320683112,3947.248576850095,-8.0,0.0,1.1259453170447935,1.1581712615565016,0.44776119402985076
134,302,2023-11-07 04:23:58,Recharge,Oddball,0,51.42,8242,7440,352,181,171,1.88,18.66,30,16,14,0,0,22.0,24.0,4475,0,16,966,16.1,1.1077956989247313,18.633540372670804,9.937888198757763,8.695652173913043,5119.254658385093,4621.118012422359,8.0,8.0,1.1280346820809248,1.1572659648440518,0.4444444444444444
135,303,2023-11-07 04:43:01,Solitude,Slayer,1,53.74,5049,3007,214,115,99,1.86,9.0,13,7,9,0,0,12.0,10.0,1750,0,3,496,8.266666666666667,1.679082141669438,15.725806451612902,8.46774193548387,10.887096774193548,6107.6612903225805,3637.4999999999995,1.0,3.0,1.1295067781944044,1.1586245411096487,0.4485294117647059
136,304,2023-11-07 04:53:35,Aquarius,Slayer,1,40.32,3774,3492,186,75,111,1.33,5.66,8,6,11,0,0,12.0,11.0,1350,0,4,523,8.716666666666667,1.0807560137457044,9.177820267686425,6.8833652007648185,12.619502868068832,4329.636711281071,4006.118546845124,-4.0,5.0,1.1298589116038007,1.1583898167554634,0.45255474452554745
137,306,2023-11-07 05:10:52,Live Fire,Slayer,0,46.58,3855,3963,219,102,117,0.67,-3.0,8,12,3,1,0,11.0,12.0,850,0,3,506,8.433333333333334,0.9727479182437547,9.486166007905139,14.229249011857707,3.5573122529644268,4571.146245059288,4699.209486166008,-3.0,0.0,1.1289767841788478,1.1580030345050372,0.4492753623188406
138,308,2023-11-07 05:35:08,Live Fire,Slayer,0,46.67,3563,3916,120,56,64,0.58,-2.66,7,12,7,0,0,10.0,10.0,1050,0,4,454,7.566666666666666,0.9098569969356486,9.251101321585903,15.859030837004406,9.251101321585903,4708.8105726872245,5175.330396475771,-3.0,-2.0,1.1262798634812288,1.1557588288866227,0.4460431654676259
139,309,2023-11-07 05:45:02,Live Fire,Extraction,1,52.8,4208,3476,214,113,101,1.63,8.66,13,8,11,0,1,12.0,10.0,2600,0,6,480,8.0,1.2105868814729575,16.25,10.0,13.75,5260.0,4345.0,1.0,2.0,1.1274120317820657,1.1559207145375086,0.45
140,310,2023-11-07 05:55:20,Recharge,Strongholds,1,50.43,6869,5111,351,177,174,1.06,4.33,19,18,10,0,0,20.0,19.0,3000,0,13,839,13.983333333333333,1.3439639992173742,13.587604290822409,12.872467222884387,7.151370679380214,4912.276519666269,3655.065554231228,-1.0,1.0,1.127046866177301,1.1567335602211142,0.45390070921985815
141,311,2023-11-08 03:17:06,Recharge,King of the Hill,1,47.11,5877,4926,329,155,174,1.21,9.0,17,14,18,0,0,21.0,16.0,3325,0,5,685,11.416666666666666,1.1930572472594396,14.890510948905112,12.262773722627738,15.766423357664234,5147.737226277372,4314.744525547446,-4.0,2.0,1.1273903262092237,1.1568842636498549,0.45774647887323944
142,312,2023-11-08 03:29:58,Recharge,Extraction,1,54.64,3312,4126,183,100,83,0.77,-0.66,10,13,7,0,0,13.0,10.0,2200,0,5,559,9.316666666666666,0.8027144934561319,10.73345259391771,13.953488372093023,7.5134168157423975,3554.9194991055456,4428.622540250447,-3.0,-3.0,1.1260857383020453,1.1556577485169057,0.46153846153846156
143,313,2023-11-08 03:40:36,Recharge,Slayer,1,49.53,3659,3467,212,105,107,0.5,-2.66,6,12,10,0,0,11.0,10.0,1100,0,2,454,7.566666666666666,1.0553792904528412,7.929515418502203,15.859030837004406,13.215859030837006,4835.68281938326,4581.938325991189,-5.0,-2.0,1.1239877129293494,1.1553667895505464,0.4652777777777778
144,314,2023-11-08 03:49:23,Solitude,Slayer,1,42.61,3930,3985,230,98,132,0.82,0.0,9,11,6,0,0,12.0,12.0,1200,0,4,547,9.116666666666667,0.986198243412798,9.872029250457038,12.06581352833638,6.581352833638025,4310.786106032907,4371.115173674588,-3.0,1.0,1.1230512249443207,1.1548044841852396,0.4689655172413793
145,315,2023-11-08 03:59:52,Argyle,CTF 3 Captures,1,53.18,6165,5044,299,159,140,1.67,10.0,20,12,6,0,0,16.0,16.0,2970,0,6,766,12.766666666666667,1.2222442505947662,15.665796344647518,9.39947780678851,4.699738903394255,4828.981723237597,3950.913838120104,4.0,4.0,1.1248612652608214,1.1550870320717919,0.4726027397260274
146,316,2023-11-08 04:13:08,Recharge,Strongholds,1,48.12,3343,2416,160,77,83,1.83,6.66,11,6,5,0,0,9.0,8.0,1700,0,3,390,6.5,1.3836920529801324,16.923076923076923,9.230769230769232,7.6923076923076925,5143.076923076923,3716.9230769230767,2.0,2.0,1.126038781163435,1.1555448712634913,0.47619047619047616
147,317,2023-11-08 04:21:11,Streets,Slayer,1,46.79,4280,3966,218,102,116,1.22,4.0,11,9,6,0,0,12.0,12.0,1410,0,3,537,8.95,1.0791729702471005,12.29050279329609,10.05586592178771,6.703910614525141,4782.1229050279335,4431.284916201118,-1.0,3.0,1.1262779773418072,1.15529461144537,0.4797297297297297
148,318,2023-11-08 04:31:17,Streets,Oddball,1,49.84,6592,7351,317,158,159,1.1,7.66,22,20,17,0,0,23.0,24.0,4175,0,6,962,16.033333333333335,0.8967487416678003,13.72141372141372,12.474012474012472,10.602910602910603,4111.434511434511,4584.823284823285,-1.0,4.0,1.126133553173949,1.15373376903348,0.48322147651006714
149,320,2023-11-08 04:53:42,Empyrean,CTF 3 Captures,0,50.27,3281,3607,185,93,92,0.73,-1.33,8,11,5,0,0,10.0,11.0,1175,0,1,523,8.716666666666667,0.9096201829775437,9.177820267686425,12.619502868068832,5.736137667304016,3764.053537284895,4138.049713193117,-2.0,0.0,1.1232914160743577,1.1522969691173501,0.48
150,321,2023-11-08 05:04:17,Recharge,King of the Hill,0,54.92,7204,5831,264,145,119,1.19,8.33,19,16,16,0,0,20.0,21.0,3600,0,8,789,13.15,1.2354656148173555,14.44866920152091,12.167300380228136,12.167300380228136,5478.3269961977185,4434.220532319392,-1.0,5.0,1.1235710397387044,1.1526914979124703,0.4768211920529801
151,322,2023-11-08 05:23:07,Aquarius,Slayer,1,50.8,4321,3430,187,95,92,0.8,0.66,8,10,8,0,0,11.0,11.0,1210,0,3,502,8.366666666666667,1.2597667638483965,9.561752988047807,11.95219123505976,9.561752988047807,5164.541832669322,4099.601593625498,-3.0,1.0,1.1226927252985885,1.1529894518567556,0.48026315789473684
152,323,2023-11-08 05:32:39,Empyrean,CTF 3 Captures,1,40.91,2239,2294,110,45,65,0.78,0.33,7,9,7,0,0,7.0,6.0,1460,0,4,406,6.766666666666667,0.9760244115082825,10.344827586206897,13.300492610837438,10.344827586206897,3308.8669950738913,3390.1477832512314,0.0,-3.0,1.1218521527213647,1.1526607219206302,0.48366013071895425
153,324,2023-11-08 05:41:56,Recharge,King of the Hill,1,55.26,6729,6192,304,168,136,0.85,1.66,17,20,14,0,0,19.0,20.0,2500,0,9,766,12.766666666666667,1.0867248062015504,13.315926892950392,15.665796344647518,10.966057441253263,5270.757180156657,4850.130548302872,-2.0,0.0,1.1203878265553462,1.152331764857548,0.487012987012987
154,325,2023-11-08 05:57:41,Live Fire,Oddball,0,48.92,4547,4090,186,91,95,0.69,-0.33,9,13,11,0,0,11.0,13.0,1510,0,5,506,8.433333333333334,1.1117359413202934,10.671936758893281,15.41501976284585,13.043478260869566,5391.699604743082,4849.802371541502,-2.0,0.0,1.118894256575416,1.1521984243621557,0.4838709677419355
155,327,2023-11-08 06:13:38,Recharge,King of the Hill,1,25.0,480,807,16,4,12,1.5,1.33,3,2,1,0,0,,,350,0,0,248,4.133333333333334,0.5947955390334573,7.258064516129031,4.838709677419354,2.419354838709677,1161.290322580645,1952.4193548387095,,,1.1192070720600054,1.1519162562168617,0.48717948717948717
156,328,2023-11-08 06:18:54,Live Fire,King of the Hill,1,80.56,1133,875,36,29,7,1.0,1.0,2,2,3,0,0,6.0,3.0,500,0,1,270,4.5,1.294857142857143,4.444444444444445,4.444444444444445,6.666666666666666,2517.777777777778,1944.4444444444446,-4.0,1.0,1.1191432396251673,1.1520164358545122,0.49044585987261147
157,329,2023-11-08 06:24:15,Recharge,Extraction,0,54.41,5252,4390,204,111,93,0.81,-1.33,13,16,5,0,0,13.0,14.0,1950,0,6,584,9.733333333333333,1.196355353075171,13.356164383561644,16.438356164383563,5.136986301369864,5395.890410958905,4510.27397260274,0.0,-2.0,1.1178352439349506,1.1521717961815976,0.4873417721518987
158,330,2023-11-08 06:36:18,Solitude,Slayer,0,46.95,3650,3194,164,77,87,0.89,1.66,8,9,8,0,0,10.0,12.0,1210,0,2,505,8.416666666666666,1.1427676894176582,9.504950495049506,10.693069306930694,9.504950495049506,4336.633663366337,3794.851485148515,-2.0,3.0,1.1172872340425533,1.152147883006893,0.48427672955974843
159,331,2023-11-09 00:30:34,Recharge,Slayer,1,46.46,5299,4945,297,138,159,1.33,6.33,12,9,10,0,0,16.0,16.0,1700,0,6,704,11.733333333333333,1.071587462082912,10.227272727272727,7.670454545454546,8.522727272727273,4516.193181818182,4214.488636363637,-4.0,7.0,1.1178031308039267,1.1518319708109077,0.4875
160,332,2023-11-09 00:43:11,Solitude,Slayer,1,51.61,4258,3675,186,96,90,0.69,0.0,9,13,12,0,0,10.0,11.0,1510,0,4,485,8.083333333333334,1.158639455782313,11.134020618556699,16.082474226804123,14.845360824742267,5267.628865979381,4546.3917525773195,-1.0,-2.0,1.1163405605499737,1.1518517522815797,0.4906832298136646
161,333,2023-11-09 00:53:49,Solitude,Strongholds,1,48.91,6487,5209,321,157,164,1.73,14.0,26,15,9,0,0,17.0,17.0,3650,0,13,732,12.2,1.245344595891726,21.311475409836067,12.295081967213115,7.3770491803278695,5317.213114754099,4269.672131147541,9.0,2.0,1.118777982617856,1.1522352494639354,0.49382716049382713
162,334,2023-11-09 01:08:08,Recharge,Extraction,0,45.17,4931,4852,259,117,142,0.93,3.66,14,15,14,0,0,17.0,18.0,2825,0,5,763,12.716666666666667,1.0162819455894476,11.009174311926607,11.795543905635649,11.009174311926607,3877.588466579292,3815.465268676278,-3.0,3.0,1.1180482686253934,1.1517177810638122,0.49079754601226994
163,335,2023-11-09 01:21:58,Recharge,Slayer,1,47.64,3677,3229,233,111,122,1.43,5.0,10,7,6,0,0,11.0,11.0,1310,0,2,506,8.433333333333334,1.1387426447816662,11.857707509881424,8.300395256916996,7.1146245059288535,4360.079051383399,3828.853754940711,-1.0,4.0,1.1186174391201886,1.1516849976212535,0.49390243902439024
164,336,2023-11-09 01:31:14,Aquarius,Slayer,1,56.32,2187,1440,87,49,38,1.75,5.0,7,4,6,0,0,7.0,5.0,1010,0,2,275,4.583333333333333,1.51875,15.272727272727273,8.727272727272728,13.09090909090909,4771.636363636364,3141.818181818182,0.0,1.0,1.119278053884384,1.1520981316592467,0.49696969696969695
165,337,2023-11-09 01:39:33,Solitude,Strongholds,1,44.89,3189,2901,176,79,97,1.57,5.33,11,7,4,0,0,10.0,10.0,1700,0,2,428,7.133333333333334,1.0992761116856256,15.42056074766355,9.813084112149532,5.607476635514018,4470.5607476635505,4066.822429906542,1.0,3.0,1.1201044386422976,1.151978632561948,0.5
166,338,2023-11-09 01:48:13,Streets,Extraction,0,36.8,4840,3928,413,152,261,1.18,5.0,13,11,9,0,0,13.0,13.0,2150,0,4,571,9.516666666666667,1.2321792260692463,13.660245183887916,11.558669001751312,9.45709281961471,5085.814360770577,4127.495621716287,0.0,2.0,1.120281176776881,1.1522235516651855,0.49700598802395207
167,339,2023-11-09 01:59:23,Live Fire,Oddball,1,56.7,5296,4645,224,127,97,1.07,5.66,16,15,14,0,0,17.0,18.0,2505,0,8,735,12.25,1.140150699677072,13.061224489795917,12.244897959183675,11.428571428571427,4323.265306122449,3791.8367346938776,-1.0,3.0,1.1200726141078838,1.1521801102798208,0.5
168,340,2023-11-09 02:12:54,Solitude,Strongholds,0,53.52,6619,5109,327,175,152,1.38,9.33,22,16,10,0,0,16.0,18.0,3350,0,7,764,12.733333333333333,1.2955568604423566,17.277486910994767,12.565445026178011,7.853403141361257,5198.167539267016,4012.3036649214664,6.0,2.0,1.1211260330578512,1.1527453169620225,0.4970414201183432
169,341,2023-11-09 02:27:01,Streets,Extraction,1,51.48,3376,1844,169,87,82,3.0,10.0,12,4,6,0,0,10.0,10.0,2410,0,3,417,6.95,1.8308026030368763,17.26618705035971,5.755395683453237,8.633093525179856,4857.553956834532,2653.2374100719426,2.0,6.0,1.1230650154798762,1.153708707702194,0.5
170,342,2023-11-09 02:35:20,Solitude,Strongholds,0,50.16,7108,6295,317,159,158,1.1,8.0,22,20,18,0,0,17.0,18.0,3675,0,11,774,12.9,1.1291501191421762,17.05426356589147,15.503875968992247,13.953488372093023,5510.077519379845,4879.84496124031,5.0,-2.0,1.122946611909651,1.1535901655182779,0.49707602339181284
171,343,2023-11-09 02:49:24,Recharge,Strongholds,0,47.44,4481,4279,215,102,113,0.93,2.33,13,14,10,0,0,12.0,13.0,1950,0,5,548,9.133333333333333,1.0472072914232298,14.233576642335768,15.328467153284674,10.94890510948905,4906.204379562044,4685.036496350365,1.0,-1.0,1.1222506393861893,1.153242256911936,0.4941860465116279
172,345,2023-11-09 04:21:24,Live Fire,King of the Hill,1,50.49,4166,4758,206,104,102,1.13,4.66,17,15,8,0,0,15.0,15.0,2450,0,3,579,9.65,0.8755779739386297,17.616580310880828,15.544041450777202,8.290155440414507,4317.098445595855,4930.569948186529,2.0,0.0,1.1228694988552532,1.1523189733491974,0.49710982658959535
173,347,2023-11-09 04:40:57,Live Fire,Slayer,1,51.11,4373,3439,180,92,88,1.1,4.0,11,10,9,0,0,11.0,11.0,1550,0,4,506,8.433333333333334,1.2715905786565862,13.043478260869566,11.857707509881424,10.671936758893281,5185.375494071146,4077.865612648221,0.0,1.0,1.1221856817606881,1.1525572792128145,0.5
174,348,2023-11-09 04:50:31,Streets,Extraction,0,56.59,4665,4366,182,103,79,1.07,2.33,16,15,4,0,0,11.0,13.0,2200,0,8,535,8.916666666666666,1.0684837379752634,17.943925233644862,16.82242990654206,4.4859813084112155,5231.7757009345805,4896.448598130842,5.0,-2.0,1.121975806451613,1.1522806139523105,0.49714285714285716
175,349,2023-11-09 05:01:18,Forbidden,CTF 3 Captures,1,53.85,3968,3308,195,105,90,1.56,6.66,14,9,5,0,0,11.0,11.0,2050,0,4,553,9.216666666666667,1.199516324062878,15.189873417721518,9.764918625678119,5.424954792043399,4305.244122965642,3589.150090415913,3.0,2.0,1.122957002765904,1.152398094516321,0.5
176,350,2023-11-09 05:12:34,Recharge,King of the Hill,1,54.59,5283,3759,218,119,99,1.5,8.0,15,10,9,0,0,15.0,14.0,2450,0,4,550,9.166666666666666,1.4054269752593775,16.363636363636363,10.90909090909091,9.81818181818182,5763.272727272728,4100.727272727273,0.0,4.0,1.123902683722097,1.1531111885831244,0.5028248587570622
177,351,2023-11-09 05:28:21,Streets,Oddball,0,54.83,5657,5051,259,142,117,1.0,3.33,18,18,10,0,0,16.0,18.0,2420,0,7,728,12.133333333333333,1.1199762423282518,14.835164835164836,14.835164835164836,8.241758241758243,4662.3626373626375,4162.912087912088,2.0,0.0,1.1233458177278401,1.1529861838301967,0.5
178,352,2023-11-09 05:44:00,Solitude,King of the Hill,0,48.68,7384,5819,304,148,156,1.56,14.66,28,18,14,0,0,20.0,21.0,3600,0,16,789,13.15,1.2689465543907887,21.29277566539924,13.688212927756654,10.64638783269962,5615.209125475285,4425.095057034221,8.0,3.0,1.1252796420581654,1.1534879916114182,0.4972067039106145
179,353,2023-11-09 06:05:02,Recharge,Oddball,1,45.92,6721,6624,294,135,159,1.0,4.0,17,17,12,0,0,21.0,20.0,2615,0,9,898,14.966666666666667,1.0146437198067633,11.35857461024499,11.35857461024499,8.017817371937639,4490.64587973274,4425.835189309577,-4.0,3.0,1.1247524752475249,1.1528073889835708,0.5
180,354,2023-11-09 06:22:35,Aquarius,Slayer,0,54.12,4353,3681,170,92,78,0.69,-2.66,9,13,4,0,0,9.0,11.0,1100,0,5,464,7.733333333333333,1.182559087204564,11.637931034482758,16.810344827586206,5.172413793103448,5628.879310344828,4759.913793103448,0.0,-2.0,1.1233654083395017,1.1528882131971454,0.4972375690607735
181,355,2023-11-09 06:34:56,Recharge,King of the Hill,1,50.55,8335,7880,362,183,179,1.41,12.0,31,22,9,0,0,25.0,23.0,4025,0,14,920,15.333333333333334,1.0577411167512691,20.217391304347828,14.347826086956522,5.869565217391304,5435.869565217391,5139.130434782609,6.0,1.0,1.1249079754601228,1.1523380806680021,0.5
182,356,2023-11-09 06:51:28,Live Fire,King of the Hill,0,51.22,2821,3218,123,63,60,0.46,-6.33,6,13,2,0,0,10.0,10.0,750,0,3,392,6.533333333333333,0.8766314481044126,9.183673469387756,19.89795918367347,3.0612244897959187,4317.857142857143,4925.510204081633,-4.0,-3.0,1.1227984344422701,1.1516886174243532,0.4972677595628415
183,359,2023-11-09 07:27:45,Solitude,Slayer,1,51.6,4288,3410,188,97,91,1.2,4.0,12,10,6,0,0,12.0,12.0,1500,0,4,530,8.833333333333334,1.2574780058651027,13.584905660377357,11.320754716981131,6.792452830188679,4854.339622641509,3860.3773584905657,0.0,2.0,1.1217855409995148,1.1519222652677399,0.5
184,360,2023-11-09 07:41:43,Aquarius,CTF 5 Captures,0,47.2,6251,5459,286,135,151,1.25,6.66,20,16,8,0,0,15.0,17.0,3045,0,8,760,12.666666666666666,1.1450815167613115,15.789473684210527,12.631578947368423,6.3157894736842115,4935.0,4309.736842105263,5.0,1.0,1.1222812953117447,1.1518952445591222,0.4972972972972973
185,361,2023-11-10 04:14:17,Empyrean,CTF 3 Captures,0,55.04,6176,6038,238,131,107,1.11,4.33,20,18,7,0,0,14.0,16.0,2685,0,4,744,12.4,1.022855250082809,16.129032258064516,14.516129032258064,5.64516129032258,4980.645161290323,4869.354838709677,6.0,-2.0,1.1222329162656401,1.1513339327241447,0.4946236559139785
186,362,2023-11-10 04:29:48,Recharge,Extraction,0,59.09,5166,3223,198,117,81,1.2,5.33,12,10,10,0,0,12.0,12.0,2185,0,8,526,8.766666666666667,1.6028544834005585,13.688212927756654,11.406844106463879,11.406844106463879,5892.775665399239,3676.4258555133074,0.0,2.0,1.1224195871339415,1.1523798982102338,0.4919786096256685
187,363,2023-11-10 04:39:31,Streets,Extraction,1,57.52,6190,3552,226,130,96,2.4,17.66,24,10,11,0,0,14.0,13.0,3935,0,12,577,9.616666666666667,1.7426801801801801,24.956672443674176,10.398613518197573,11.43847487001733,6436.741767764298,3693.5875216637783,10.0,3.0,1.1254789272030652,1.1538831029264058,0.4946808510638298
188,364,2023-11-10 04:50:42,Solitude,Slayer,0,54.42,5707,3786,226,123,103,1.27,5.66,14,11,8,0,0,12.0,12.0,1800,0,5,549,9.15,1.5073956682514527,15.300546448087431,12.021857923497269,8.743169398907103,6237.158469945354,4137.704918032787,2.0,1.0,1.1258657750179126,1.154840033546946,0.49206349206349204
189,366,2023-11-12 02:04:06,Live Fire,King of the Hill,1,53.63,4380,4291,179,96,83,0.87,-1.0,13,15,3,0,0,16.0,14.0,1950,0,4,565,9.416666666666666,1.0207410859939408,13.805309734513276,15.929203539823009,3.185840707964602,4651.327433628319,4556.814159292036,-3.0,-1.0,1.1246728527242447,1.1543396008577789,0.49473684210526314
190,367,2023-11-12 02:14:21,Streets,Oddball,1,50.85,9450,7263,413,210,203,1.53,18.0,29,19,24,0,0,25.0,25.0,4805,0,11,1033,17.216666666666665,1.3011152416356877,16.844143272023235,11.035818005808327,13.939980638915781,5488.867376573089,4218.586640851889,4.0,6.0,1.1264803410705826,1.1550954253407846,0.4973821989528796
191,368,2023-11-13 01:16:17,Solitude,Strongholds,0,54.72,6770,6114,307,168,139,0.94,4.66,15,16,17,0,0,19.0,19.0,2950,0,5,828,13.8,1.107294733398757,10.869565217391305,11.594202898550725,12.318840579710145,4905.797101449275,4430.434782608696,-4.0,3.0,1.1257668711656441,1.1548891097720073,0.4947916666666667
192,370,2023-11-13 01:33:56,Streets,Slayer,1,55.83,5871,3233,240,134,106,1.75,9.66,14,8,11,0,0,12.0,12.0,1990,0,7,526,8.766666666666667,1.8159604082895144,15.969581749049429,9.125475285171103,12.547528517110266,6696.958174904943,3687.8326996197716,2.0,4.0,1.1264124293785311,1.1562346861182302,0.49740932642487046
193,371,2023-11-13 02:29:59,Argyle,CTF 3 Captures,0,58.74,3961,2309,143,84,59,1.43,3.33,10,7,1,1,0,8.0,9.0,950,0,5,427,7.116666666666666,1.7154612386314423,14.05152224824356,9.836065573770492,1.4051522248243562,5565.807962529275,3244.4964871194384,2.0,2.0,1.126909518213866,1.157142365082255,0.4948453608247423
194,372,2023-11-13 02:38:25,Aquarius,CTF 5 Captures,0,56.56,7522,4726,320,181,139,2.08,14.66,25,12,5,0,0,16.0,17.0,2835,0,9,754,12.566666666666666,1.5916208209902667,19.893899204244033,9.549071618037136,3.978779840848806,5985.676392572945,3760.742705570292,9.0,5.0,1.1295992500585892,1.158580971964843,0.49230769230769234
195,373,2023-11-16 03:35:56,Argyle,CTF 3 Captures,0,42.25,4563,4583,258,109,149,0.8,-1.66,12,15,4,0,0,15.0,16.0,1475,0,4,762,12.7,0.9956360462579097,9.448818897637796,11.811023622047244,3.149606299212598,3592.9133858267724,3608.661417322835,-3.0,1.0,1.1284446520317608,1.158059442781539,0.4897959183673469
196,374,2023-11-16 03:53:05,Empyrean,CTF 3 Captures,0,44.34,6258,5207,327,145,182,2.17,16.66,26,12,8,0,0,16.0,16.0,3070,0,9,772,12.866666666666667,1.201843671980027,20.207253886010363,9.32642487046632,6.217616580310881,4863.730569948186,4046.8911917098444,10.0,4.0,1.1313460642757336,1.1582180842735916,0.4873096446700508
197,375,2023-11-16 04:07:58,Recharge,Extraction,1,45.98,5275,4589,261,120,141,1.46,9.33,19,13,10,0,0,16.0,14.0,3285,0,9,647,10.783333333333333,1.1494879058618435,17.619783616692427,12.055641421947449,9.273570324574962,4891.808346213292,4255.64142194745,3.0,1.0,1.1323426979335964,1.1581902955828351,0.4898989898989899
198,376,2023-11-16 04:21:03,Solitude,Slayer,0,54.3,3606,3575,151,82,69,0.75,-2.0,9,12,3,0,0,10.0,11.0,1060,0,3,477,7.95,1.0086713286713287,11.320754716981131,15.094339622641508,3.773584905660377,4535.8490566037735,4496.855345911949,-1.0,-1.0,1.1312803889789302,1.1578204472662184,0.48743718592964824
199,377,2023-11-16 04:31:19,Recharge,King of the Hill,1,53.01,7549,6197,349,185,164,1.12,5.0,19,17,9,0,0,21.0,19.0,2600,0,6,763,12.716666666666667,1.218170082297886,14.94102228047182,13.368283093053734,7.077326343381389,5936.304062909568,4873.132372214941,-2.0,2.0,1.1312269372693726,1.158078108615703,0.49
200,378,2023-11-16 04:45:53,Argyle,CTF 3 Captures,0,51.36,6453,5472,294,151,143,1.13,6.33,17,15,13,0,0,15.0,16.0,2650,0,11,754,12.566666666666666,1.1792763157894737,13.527851458885943,11.936339522546419,10.344827586206897,5135.013262599469,4354.376657824933,2.0,1.0,1.1312341990347046,1.158157725311578,0.48756218905472637
201,379,2023-11-16 05:00:19,Live Fire,Strongholds,1,45.85,4284,4909,253,116,137,1.6,6.66,16,10,2,0,0,15.0,14.0,2200,0,6,631,10.516666666666667,0.8726828274597678,15.213946117274165,9.508716323296355,1.9017432646592707,4073.534072900158,4667.82884310618,1.0,4.0,1.1323091034166475,1.1571990776052488,0.4900990099009901
202,380,2023-11-16 05:13:01,Aquarius,CTF 5 Captures,0,50.55,6160,5630,273,138,135,0.83,0.0,15,18,9,0,0,15.0,17.0,2285,0,12,753,12.55,1.0941385435168738,11.95219123505976,14.342629482071711,7.1713147410358555,4908.366533864541,4486.05577689243,0.0,-1.0,1.1310801552865952,1.156957144813854,0.4876847290640394
203,383,2023-11-18 21:15:50,Solitude,Slayer,0,43.72,3862,4695,215,94,121,1.1,1.66,11,10,2,0,0,14.0,14.0,1200,0,6,614,10.233333333333333,0.822577209797657,10.749185667752442,9.77198697068404,1.9543973941368078,3773.9413680781763,4587.947882736156,-3.0,4.0,1.129208371246588,1.15532081748727,0.4852941176470588
204,384,2023-11-18 21:23:57,Aquarius,Slayer,0,52.66,4566,4072,207,109,98,1.17,3.33,14,12,4,0,0,11.0,12.0,1610,0,3,502,8.366666666666667,1.1213163064833005,16.733067729083665,14.342629482071711,4.780876494023904,5457.370517928286,4866.932270916334,3.0,0.0,1.1293103448275863,1.1552271420356526,0.48292682926829267
205,385,2023-11-18 21:37:07,Recharge,Extraction,1,48.41,3555,2187,157,76,81,2.0,7.33,10,5,7,0,0,11.0,9.0,2300,0,6,416,6.933333333333334,1.625514403292181,14.423076923076923,7.211538461538462,10.096153846153847,5127.403846153847,3154.3269230769233,-1.0,4.0,1.130296850215273,1.1559219285878823,0.4854368932038835
206,386,2023-11-18 21:45:42,Solitude,Slayer,1,47.6,4405,3566,208,99,109,2.33,12.0,14,6,12,0,0,12.0,12.0,2020,0,7,610,10.166666666666666,1.2352776219854178,13.770491803278688,5.9016393442622945,11.803278688524589,4332.786885245901,3507.5409836065573,2.0,6.0,1.1319303009730708,1.1561126300034437,0.48792270531400966
207,387,2023-11-18 21:58:58,Recharge,King of the Hill,1,46.53,6203,6407,303,141,162,0.74,0.66,14,19,17,0,0,21.0,19.0,2860,0,6,754,12.566666666666666,0.9681598251911971,11.140583554376658,15.119363395225465,13.527851458885943,4936.074270557029,5098.408488063661,-7.0,0.0,1.1302388463271744,1.155304601056156,0.49038461538461536
208,388,2023-11-18 22:13:43,Empyrean,CTF 3 Captures,0,49.75,4628,3076,197,98,99,1.27,5.0,14,11,6,0,0,11.0,12.0,1910,0,3,547,9.116666666666667,1.504551365409623,15.356489945155392,12.06581352833638,6.581352833638025,5076.416819012797,3374.0402193784275,3.0,1.0,1.1305911440773206,1.1560239616549237,0.4880382775119617
209,389,2023-11-18 22:23:35,Recharge,King of the Hill,0,51.85,9535,6998,432,224,208,1.37,13.0,26,19,18,0,0,23.0,23.0,3700,0,11,889,14.816666666666666,1.362532152043441,17.547806524184477,12.823397075365579,12.148481439820022,6435.320584926884,4723.059617547807,3.0,4.0,1.1316025067144135,1.1569871446243094,0.4857142857142857
210,392,2023-11-21 03:15:18,Aquarius,Slayer,1,50.75,3985,3134,201,102,99,1.5,5.66,9,6,8,0,0,11.0,9.0,1300,0,3,547,9.116666666666667,1.2715379706445438,9.872029250457038,6.581352833638025,8.775137111517367,4371.115173674588,3437.6599634369286,-2.0,3.0,1.1292547274749722,1.1564895834092142,0.4881516587677725
211,393,2023-11-21 03:25:42,Streets,Oddball,0,52.73,6540,5104,275,145,130,1.19,4.66,19,16,5,0,0,14.0,16.0,2260,0,12,632,10.533333333333333,1.281347962382445,18.037974683544306,15.18987341772152,4.746835443037975,6208.860759493671,4845.569620253164,5.0,0.0,1.1294613167812015,1.156910187592359,0.4858490566037736
212,395,2023-11-21 03:39:36,Live Fire,Oddball,1,53.75,5740,3644,240,129,111,1.4,7.33,14,10,10,0,0,14.0,13.0,2045,0,5,557,9.283333333333333,1.575192096597146,15.080789946140037,10.771992818671453,10.771992818671453,6183.123877917415,3925.314183123878,0.0,3.0,1.1300597213005972,1.1579137616696438,0.48826291079812206
213,396,2023-11-21 03:52:03,Forbidden,CTF 3 Captures,1,54.79,4117,2032,188,103,85,1.4,2.66,7,5,2,0,0,11.0,9.0,835,0,1,503,8.383333333333333,2.026082677165354,8.34990059642147,5.964214711729623,2.385685884691849,4910.934393638171,2423.856858846919,-4.0,4.0,1.1303579319487407,1.1590737383640306,0.49065420560747663
214,398,2023-11-21 04:12:26,Streets,Extraction,1,59.45,5048,3936,254,151,103,1.67,9.66,15,9,11,0,0,13.0,12.0,2900,0,7,524,8.733333333333333,1.282520325203252,17.17557251908397,10.305343511450381,12.595419847328246,5780.152671755726,4506.870229007634,2.0,3.0,1.1303583205100023,1.1593741720012953,0.4930232558139535
215,399,2023-11-21 04:22:25,Forbidden,CTF 3 Captures,1,48.59,6427,4457,319,155,164,2.57,11.66,18,7,2,0,0,12.0,13.0,1900,0,7,626,10.433333333333334,1.4420013461969934,17.252396166134186,6.7092651757188495,1.9169329073482428,6160.063897763577,4271.884984025559,6.0,6.0,1.1325724319578578,1.160195878386841,0.49537037037037035
216,400,2023-11-21 04:35:49,Recharge,Slayer,0,37.5,3019,4365,216,81,135,0.33,-6.33,4,12,5,0,0,12.0,13.0,650,0,0,581,9.683333333333334,0.6916380297823597,4.130808950086059,12.392426850258175,5.163511187607574,3117.7280550774526,4507.745266781411,-8.0,1.0,1.1304728546409808,1.1588655074911032,0.4930875576036866
217,401,2023-11-21 04:52:18,Empyrean,CTF 3 Captures,1,51.42,6064,5121,317,163,154,0.71,-1.66,12,17,10,0,0,15.0,15.0,1750,0,7,724,12.066666666666666,1.1841437219293107,9.94475138121547,14.08839779005525,8.287292817679559,5025.414364640884,4243.922651933702,-3.0,-2.0,1.1288985823336968,1.158949430721216,0.4954128440366973
218,402,2023-11-21 05:05:39,Recharge,Slayer,0,47.06,3812,3390,204,96,108,0.64,-2.0,7,11,6,0,0,10.0,12.0,1020,0,2,499,8.316666666666666,1.1244837758112094,8.41683366733467,13.226452905811623,7.214428857715431,4583.567134268537,4076.1523046092184,-3.0,1.0,1.1277197563098347,1.1588738495136712,0.4931506849315068
219,403,2023-11-21 05:16:56,Streets,Oddball,1,50.6,7287,5759,332,168,164,1.4,10.66,21,15,14,0,0,20.0,19.0,2870,0,8,794,13.233333333333333,1.2653238409446084,15.869017632241816,11.335012594458437,10.57934508816121,5506.54911838791,4351.889168765743,1.0,4.0,1.1286055085664715,1.1592689480139236,0.4954545454545455
220,405,2023-11-22 04:14:38,Recharge,Strongholds,0,44.49,4965,5017,227,101,126,0.94,0.33,15,16,4,0,0,14.0,15.0,2050,0,4,651,10.85,0.9896352401833766,13.824884792626728,14.746543778801843,3.686635944700461,4576.036866359447,4623.963133640553,1.0,-1.0,1.1281054223374378,1.1589749023158449,0.49321266968325794
221,406,2023-11-22 04:27:27,Aquarius,CTF 5 Captures,1,47.52,8465,7482,423,201,222,0.91,2.0,21,23,12,0,0,20.0,21.0,2975,0,6,940,15.666666666666666,1.1313819834268912,13.404255319148938,14.680851063829788,7.659574468085106,5403.191489361702,4775.744680851064,1.0,-2.0,1.127042132416165,1.1588429681294123,0.4954954954954955
222,407,2023-11-22 04:45:24,Streets,Extraction,1,54.12,3951,3206,170,92,78,1.25,4.33,10,8,7,0,0,10.0,9.0,2150,0,7,396,6.6,1.2323767935121648,15.151515151515152,12.121212121212121,10.606060606060606,5986.363636363636,4857.575757575758,0.0,1.0,1.1272532188841202,1.1589933182525798,0.4977578475336323
223,408,2023-11-22 04:55:54,Live Fire,King of the Hill,1,55.1,3370,2655,147,81,66,1.25,4.0,10,8,6,0,0,12.0,10.0,1550,0,3,407,6.783333333333333,1.2693032015065913,14.742014742014742,11.793611793611793,8.845208845208845,4968.058968058968,3914.004914004914,-2.0,2.0,1.1274635818337617,1.1591797832500774,0.5
224,409,2023-11-22 05:03:50,Aquarius,Slayer,1,45.81,4238,4294,227,104,123,1.33,5.66,12,9,8,0,0,11.0,11.0,1610,0,3,496,8.266666666666667,0.9869585468095017,14.516129032258062,10.887096774193548,9.677419354838708,5126.612903225806,5194.354838709677,1.0,2.0,1.1278597391490273,1.1587102337087098,0.5022222222222222
225,410,2023-11-22 05:13:32,Streets,Extraction,0,50.26,9316,6966,392,197,195,1.36,13.66,30,22,17,0,0,21.0,21.0,4575,0,23,913,15.216666666666667,1.3373528567327018,19.715224534501644,14.457831325301205,11.171960569550931,6122.23439211391,4577.8751369112815,9.0,-1.0,1.12896360927857,1.1594968892192894,0.5
226,411,2023-11-22 05:31:28,Live Fire,Slayer,0,53.63,5682,4574,248,133,115,0.71,-3.0,12,17,6,0,0,13.0,16.0,1510,0,7,655,10.916666666666666,1.2422387407083515,10.992366412213741,15.572519083969468,5.4961832061068705,5204.885496183207,4189.923664122138,-1.0,-1.0,1.1274385072094997,1.1597354414645646,0.4977973568281938
227,413,2023-11-24 01:37:12,Live Fire,Oddball,0,49.47,6435,5051,285,141,144,1.2,7.0,18,15,12,0,0,17.0,17.0,2570,0,6,697,11.616666666666667,1.2740051474955454,15.494978479196554,12.91248206599713,10.329985652797705,5539.454806312769,4348.0631276901,1.0,2.0,1.1263979742561723,1.1596456417536491,0.4956140350877193
228,414,2023-11-24 01:51:29,Solitude,Strongholds,0,53.17,6479,6155,284,151,133,1.0,3.0,18,18,9,0,0,17.0,18.0,2925,0,5,764,12.733333333333333,1.0526401299756296,14.136125654450263,14.136125654450263,7.068062827225131,5088.219895287958,4833.7696335078535,1.0,0.0,1.1259196972882068,1.1592340687193485,0.49344978165938863
229,418,2023-11-24 02:29:00,Streets,Slayer,1,38.65,2846,3705,251,97,154,0.67,-1.33,8,12,8,0,0,11.0,11.0,1200,0,2,500,8.333333333333334,0.7681511470985155,9.6,14.399999999999999,9.6,3415.2,4446.0,-3.0,-1.0,1.123642439431913,1.1585221107628134,0.4956521739130435
230,419,2023-11-24 02:40:13,Forbidden,CTF 3 Captures,1,55.45,4240,3690,202,112,90,1.3,5.0,13,10,6,0,0,13.0,12.0,1995,0,4,599,9.983333333333333,1.1490514905149052,13.02170283806344,10.016694490818029,6.010016694490819,4247.078464106845,3696.1602671118535,0.0,2.0,1.1240100041684036,1.15850045515302,0.49783549783549785
231,420,2023-11-24 02:54:01,Empyrean,CTF 3 Captures,0,47.92,6067,5337,288,138,150,1.27,5.66,14,11,8,0,0,16.0,16.0,1825,0,6,773,12.883333333333333,1.1367809630878771,10.866752910737388,8.538163001293661,6.209573091849936,4709.184993531695,4142.561448900388,-2.0,5.0,1.1243501767519235,1.158428860834548,0.4956896551724138
232,421,2023-11-24 03:07:32,Live Fire,Strongholds,1,53.28,5435,4115,244,130,114,1.45,7.66,16,11,8,0,0,15.0,15.0,2575,0,5,642,10.7,1.3207776427703524,14.953271028037385,10.280373831775702,7.476635514018692,5079.4392523364495,3845.794392523365,1.0,4.0,1.125103734439834,1.1588404350678754,0.4978540772532189
233,422,2023-11-24 03:20:33,Recharge,Oddball,1,47.17,4031,3621,212,100,112,0.89,1.33,8,9,7,0,0,13.0,12.0,1190,0,4,514,8.566666666666666,1.1132283899475284,9.33852140077821,10.505836575875486,8.171206225680933,4705.447470817121,4226.848249027237,-5.0,3.0,1.1246634914060882,1.1587389108540855,0.5
234,423,2023-11-24 03:30:50,Streets,Extraction,0,57.32,3316,3298,157,90,67,1.18,2.66,13,11,2,0,0,10.0,11.0,1725,0,5,459,7.65,1.0054578532443905,16.99346405228758,14.379084967320262,2.6143790849673203,4334.640522875817,4311.111111111111,3.0,0.0,1.124793388429752,1.1584287970043814,0.4978723404255319
235,424,2023-11-24 03:39:46,Solitude,Slayer,0,44.5,4185,3901,218,97,121,1.22,3.0,11,9,3,0,0,12.0,13.0,1250,0,3,552,9.2,1.0728018456805948,11.956521739130437,9.782608695652176,3.2608695652173916,4548.913043478261,4240.217391304348,-1.0,4.0,1.1249742214889669,1.1582243737052598,0.4957627118644068
236,425,2023-11-24 03:50:37,Solitude,Strongholds,1,53.0,6751,5455,300,159,141,1.19,8.66,19,16,17,0,0,18.0,17.0,3300,0,6,758,12.633333333333333,1.2375802016498625,15.03957783641161,12.66490765171504,13.456464379947231,5343.7994722955145,4317.941952506597,1.0,1.0,1.1251798561151078,1.1584884139386509,0.4978902953586498
237,426,2023-11-24 04:04:39,Live Fire,Slayer,1,53.42,4152,2722,161,86,75,3.0,12.33,15,5,7,0,0,13.0,9.0,1850,0,11,652,10.866666666666667,1.5253490080822925,13.803680981595093,4.60122699386503,6.441717791411042,3820.8588957055213,2504.9079754601225,2.0,4.0,1.1271047227926079,1.1590965002874207,0.5
238,427,2023-11-24 04:17:19,Solitude,Strongholds,0,54.64,6804,7203,291,159,132,0.78,-0.66,18,23,13,0,0,19.0,20.0,3100,0,6,856,14.266666666666667,0.9446064139941691,12.616822429906541,16.121495327102803,9.11214953271028,4769.158878504672,5048.8317757009345,-1.0,-3.0,1.1254853872879624,1.1581598101121926,0.497907949790795
239,428,2023-11-24 04:32:57,Recharge,Extraction,0,46.71,5775,4649,319,149,170,1.15,6.33,15,13,13,0,0,16.0,17.0,2860,0,8,724,12.066666666666666,1.2422026242202624,12.430939226519337,10.773480662983426,10.773480662983426,4785.911602209945,3852.7624309392268,-1.0,4.0,1.1255605381165918,1.1583960281588639,0.49583333333333335
240,429,2023-11-24 04:46:04,Aquarius,CTF 5 Captures,1,53.23,5538,5201,248,132,116,1.19,5.0,19,16,6,0,0,17.0,16.0,2275,0,3,752,12.533333333333333,1.0647952316862141,15.159574468085106,12.76595744680851,4.787234042553192,4418.617021276596,4149.734042553192,2.0,0.0,1.125761885412434,1.158102631015914,0.4979253112033195
241,430,2023-11-24 05:00:01,Solitude,Strongholds,0,52.82,6425,6300,301,159,142,1.26,7.0,24,19,6,0,0,18.0,19.0,3175,0,6,815,13.583333333333334,1.0198412698412698,17.66871165644172,13.987730061349692,4.41717791411043,4730.061349693252,4638.036809815951,6.0,0.0,1.1262902246508804,1.157579651105194,0.49586776859504134
242,431,2023-11-24 05:15:13,Live Fire,Strongholds,1,53.66,8034,5929,328,176,152,2.27,15.33,25,11,4,0,0,20.0,17.0,3375,0,13,781,13.016666666666667,1.3550345758137965,19.206145966709343,8.450704225352112,3.0729833546734953,6172.087067861716,4554.929577464789,5.0,6.0,1.128836833602585,1.158280057003579,0.49794238683127573
